id;name;start_date;end_date
1;payment;2023-02-22T16:30:47;2023-02-22T00:48:12
2;digital Corporate;2023-02-22T16:58:21;2023-02-22T19:30:25
3;Idaho Buckinghamshire Interactions;2023-02-22T01:19:18;2023-02-22T13:17:39
4;regional;2023-02-22T16:13:38;2023-02-22T13:42:48
5;multi-tasking Electronics;2023-02-22T00:28:49;2023-02-22T05:04:36
6;leverage;2023-02-22T12:49:01;2023-02-22T20:29:16
7;Arkansas Ameliorated users;2023-02-22T11:35:29;2023-02-22T03:18:09
8;Corporate Montana SQL;2023-02-22T12:28:12;2023-02-22T07:04:55
9;Branding port GB;2023-02-22T20:33:09;2023-02-22T06:52:57
10;Electronics Rubber solution-oriented;2023-02-22T05:02:15;2023-02-22T18:49:23
